Year,Forecasted_Inclusion
2025,44.134605
2026,45.489506
2027,44.88543
